{
    "Tarapacá": 1261.026700336,
    "Antofagasta": 4184.3948666182,
    "Atacama": 1000.0075539992,
    "Coquimbo": 1607.8444038591,
    "Valparaíso": 3716.7286641897,
    "Libertador Gral. Bernardo O'Higgins": 1917.1387029225,
    "Maule": 1994.7662761091,
    "Biobío": 3290.0394217733,
    "La Araucanía": 1496.0309655501,
    "Los Lagos": 1744.9921862767,
    "Aysén del General Carlos Ibáñez del Campo": 301.53773380697,
    "Magallanes y de la Antártica Chilena": 475.58907175431,
    "Metropolitana de Santiago": 21484.966716559,
    "Los Ríos": 678.84503594182,
    "Arica y Parinacota": 403.39379746479,
    "Ñuble": 801.7971973821
}